VendorID,passenger_count,pickup_longitude,pickup_latitude,RateCodeID,store_and_fwd_flag,dropoff_longitude,dropoff_latitude,payment_type,fare_amount,extra,mta_tax,tip_amount,tolls_amount,improvement_surcharge,total_amount,pickup_time,pickup_date,dropoff_time,dropoff_date
2,5,-73.995109558105497,40.769432067871101,1,N,-73.983688354492202,40.766708374023402,2,8,0.5,0.5,0,0,0.29999999999999999,9.3000000000000007,01:08:55,2015-01-01,01:19:20,2015-01-01
2,1,-73.957237243652301,40.764110565185497,1,N,-73.984352111816406,40.774875640869098,1,9.5,0.5,0.5,2.5,0,0.29999999999999999,13.300000000000001,01:08:55,2015-01-01,01:20:15,2015-01-01
2,6,-74.016395568847699,40.7064018249512,1,N,-73.976799011230497,40.747535705566399,1,19.5,0.5,0.5,4,0,0.29999999999999999,24.800000000000001,01:08:55,2015-01-01,01:28:44,2015-01-01
2,1,-74.007827758789105,40.714859008789098,1,N,-73.939666748046903,40.674594879150398,1,23,0.5,0.5,4.7000000000000002,0,0.29999999999999999,29,01:08:55,2015-01-01,01:35:20,2015-01-01
2,2,-73.975227355957003,40.790210723877003,1,N,-74.010437011718807,40.729549407958999,2,30,0.5,0.5,0,0,0.29999999999999999,31.300000000000001,01:08:55,2015-01-01,01:50:14,2015-01-01
1,4,-73.980789184570298,40.676605224609403,1,Y,0,0,2,20,0.5,0.5,0,0,0,21.300000000000001,01:08:56,2015-01-01,01:08:56,2015-01-01
2,5,-73.988082885742202,40.732177734375,1,N,-73.980911254882798,40.733455657958999,1,5,0.5,0.5,0,0,0.29999999999999999,6.2999999999999998,01:08:56,2015-01-01,01:12:57,2015-01-01
2,6,-73.999252319335895,40.744216918945298,1,N,-73.991371154785199,40.754890441894503,2,5,0.5,0.5,0,0,0.29999999999999999,6.2999999999999998,01:08:56,2015-01-01,01:12:58,2015-01-01
2,6,-73.982925415039105,40.744773864746101,1,N,-73.990745544433594,40.745445251464801,1,5,0.5,0.5,1.1000000000000001,0,0.29999999999999999,7.4000000000000004,01:08:56,2015-01-01,01:13:57,2015-01-01
2,4,-73.964195251464801,40.767822265625,1,N,-73.962234497070298,40.758934020996101,2,6,0.5,0.5,0,0,0.29999999999999999,7.2999999999999998,01:08:56,2015-01-01,01:14:51,2015-01-01
2,1,-73.978080749511705,40.783115386962898,1,N,-73.961410522460895,40.800262451171903,1,7.5,0.5,0.5,1.6000000000000001,0,0.29999999999999999,10.4,01:08:56,2015-01-01,01:15:56,2015-01-01
2,6,-73.945518493652301,40.774364471435497,1,N,-73.973052978515597,40.792945861816399,1,10,0.5,0.5,1.25,0,0.29999999999999999,12.550000000000001,01:08:56,2015-01-01,01:18:58,2015-01-01
1,3,-73.977058410644503,40.760707855224602,1,N,-73.952850341796903,40.766578674316399,1,9.5,0.5,0.5,3.2000000000000002,0,0,14,01:08:56,2015-01-01,01:19:40,2015-01-01
1,5,-73.946235656738295,40.792152404785199,1,N,-73.959640502929702,40.765975952148402,1,10,0.5,0.5,3,0,0,14.300000000000001,01:08:56,2015-01-01,01:19:50,2015-01-01
1,1,-73.967567443847699,40.756160736083999,1,N,-73.918220520019503,40.755393981933601,1,14.5,0.5,0.5,3,0,0,18.800000000000001,01:08:56,2015-01-01,01:22:59,2015-01-01
2,1,-73.965736389160199,40.755214691162102,1,N,-73.975517272949205,40.785392761230497,1,12.5,0.5,0.5,2.6000000000000001,0,0.29999999999999999,16.399999999999999,01:08:56,2015-01-01,01:23:23,2015-01-01
1,1,-73.986618041992202,40.739353179931598,1,N,-73.949157714843807,40.805160522460902,1,18.699999999999999,0.5,0.5,6,0,0,26,01:08:56,2015-01-01,01:27:57,2015-01-01
2,1,-73.980766296386705,40.782615661621101,1,N,-73.974143981933594,40.744102478027301,1,17,0.5,0.5,3.5,0,0.29999999999999999,21.800000000000001,01:08:56,2015-01-01,01:32:33,2015-01-01
1,2,-73.986511230468807,40.766925811767599,1,N,-73.9766845703125,40.682937622070298,2,34.5,0.5,0.5,0,0,0,35.799999999999997,01:08:56,2015-01-01,01:59:34,2015-01-01
1,2,-73.936058044433594,40.700199127197301,1,N,-73.947113037109403,40.711387634277301,2,7,0.5,0.5,0,0,0,8.3000000000000007,01:08:57,2015-01-01,01:17:08,2015-01-01
1,2,-73.987174987792997,40.720577239990199,1,N,-73.986038208007798,40.722557067871101,2,11.5,0.5,0.5,0,0,0,12.800000000000001,01:08:57,2015-01-01,01:23:23,2015-01-01
1,1,-74.005935668945298,40.731788635253899,1,N,-73.97265625,40.687408447265597,1,17.699999999999999,0.5,0.5,3,0,0,22,01:08:57,2015-01-01,01:31:03,2015-01-01
2,2,-73.948051452636705,40.824668884277301,1,N,-73.954231262207003,40.816280364990199,2,4,0.5,0.5,0,0,0.29999999999999999,5.2999999999999998,01:49:59,2015-01-01,01:51:52,2015-01-01
1,4,-73.952392578125,40.778293609619098,1,N,-73.971435546875,40.7945747375488,1,8.5,0.5,0.5,2,0,0,11.800000000000001,01:49:59,2015-01-01,01:57:00,2015-01-01
2,1,-73.971748352050795,40.756175994872997,1,N,-73.976593017578097,40.750343322753899,2,7,0.5,0.5,0,0,0.29999999999999999,8.3000000000000007,01:49:59,2015-01-01,01:57:58,2015-01-01
2,5,-73.981491088867202,40.766208648681598,1,N,-73.953697204589801,40.7812309265137,2,11.5,0.5,0.5,0,0,0.29999999999999999,12.800000000000001,01:49:59,2015-01-01,02:00:55,2015-01-01
1,4,-73.987815856933594,40.759864807128899,1,N,-74.007286071777301,40.739410400390597,2,16.5,0.5,0.5,0,0,0,17.800000000000001,01:49:59,2015-01-01,02:13:41,2015-01-01
2,5,-74.001976013183594,40.729957580566399,1,N,-73.996635437011705,40.737663269042997,1,4.5,0.5,0.5,1,0,0.29999999999999999,6.7999999999999998,01:50:00,2015-01-01,01:53:09,2015-01-01
1,1,-73.961021423339801,40.796867370605497,1,N,-73.957244873046903,40.800075531005902,2,4.5,1,0.5,0,0,0,6.2999999999999998,01:50:00,2015-01-01,01:53:51,2015-01-01
1,1,-73.996101379394503,40.738086700439503,1,N,-73.994567871093807,40.750576019287102,2,6.5,0.5,0.5,0,0,0,7.7999999999999998,01:50:00,2015-01-01,01:56:11,2015-01-01
2,6,-73.979766845703097,40.726852416992202,1,N,-73.991836547851605,40.744155883789098,1,8,0.5,0.5,1,0,0.29999999999999999,10.300000000000001,01:50:00,2015-01-01,01:57:12,2015-01-01
1,1,-73.980285644531193,40.770660400390597,1,N,-73.962448120117202,40.794952392578097,2,9.5,0.5,0.5,0,0,0,10.800000000000001,01:50:00,2015-01-01,01:59:31,2015-01-01
1,1,-73.959541320800795,40.762771606445298,1,N,-73.911071777343807,40.748630523681598,1,15,0.5,0.5,3,0,0,19.300000000000001,01:50:00,2015-01-01,02:05:16,2015-01-01
1,4,-73.974021911621094,40.793872833252003,1,N,-73.992393493652301,40.7249565124512,1,22.5,0.5,0.5,5.9500000000000002,0,0,29.75,01:50:00,2015-01-01,02:18:52,2015-01-01
2,3,-74.008842468261705,40.704311370849602,1,N,-73.919769287109403,40.690361022949197,1,27,0.5,0.5,5.5,0,0.29999999999999999,33.799999999999997,01:50:00,2015-01-01,02:24:02,2015-01-01
2,2,-73.984619140625,40.729652404785199,1,N,-73.986885070800795,40.762668609619098,2,12.5,0.5,0.5,0,0,0.29999999999999999,13.800000000000001,05:29:47,2015-01-01,05:42:08,2015-01-01
2,1,-73.918708801269503,40.701316833496101,1,N,-73.861549377441406,40.768215179443402,1,26.5,0.5,0.5,6.75,0,0.29999999999999999,34.549999999999997,05:29:47,2015-01-01,05:49:54,2015-01-01
2,1,-73.957130432128906,40.729202270507798,1,N,-73.951339721679702,40.728748321533203,1,3.5,0.5,0.5,1,0,0.29999999999999999,5.7999999999999998,05:29:48,2015-01-01,05:31:12,2015-01-01
2,2,-73.933792114257798,40.6962699890137,1,N,-73.953712463378906,40.7070503234863,1,6.5,0.5,0.5,1.3999999999999999,0,0.29999999999999999,9.1999999999999993,05:29:48,2015-01-01,05:34:47,2015-01-01
1,1,-74.006576538085895,40.731899261474602,1,N,-73.980140686035199,40.758571624755902,1,9.5,0.5,0.5,2.1499999999999999,0,0,12.949999999999999,05:29:48,2015-01-01,05:37:10,2015-01-01
2,2,-73.990272521972699,40.763351440429702,1,N,-73.947502136230497,40.830715179443402,2,20.5,0.5,0.5,0,0,0.29999999999999999,21.800000000000001,05:29:48,2015-01-01,05:43:17,2015-01-01
2,1,-74.006736755371094,40.731155395507798,1,N,-73.990249633789105,40.717678070068402,2,12,0.5,0.5,0,0,0.29999999999999999,13.300000000000001,05:29:48,2015-01-01,05:46:49,2015-01-01
1,2,-73.978103637695298,40.729339599609403,1,N,-73.976387023925795,40.723171234130902,2,4,0.5,0.5,0,0,0,5.2999999999999998,05:29:49,2015-01-01,05:31:50,2015-01-01
2,2,-73.941856384277301,40.837936401367202,1,N,-73.937896728515597,40.8498725891113,1,6.5,0.5,0.5,0,0,0.29999999999999999,7.7999999999999998,05:29:49,2015-01-01,05:36:47,2015-01-01
2,1,-73.915122985839801,40.763828277587898,1,N,-73.923171997070298,40.745498657226598,2,8,0.5,0.5,0,0,0.29999999999999999,9.3000000000000007,05:29:49,2015-01-01,05:38:09,2015-01-01
1,1,-73.987953186035199,40.738239288330099,1,N,-73.948127746582003,40.710567474365199,1,16,0.5,0.5,3.4500000000000002,0,0,20.75,05:29:49,2015-01-01,05:46:29,2015-01-01
2,1,-73.9857177734375,40.723159790039098,1,N,-73.987174987792997,40.727497100830099,2,3.5,0.5,0.5,0,0,0.29999999999999999,4.7999999999999998,05:29:50,2015-01-01,05:31:15,2015-01-01
2,1,-73.983818054199205,40.761909484863303,1,N,-74.000503540039105,40.747928619384801,2,7,0.5,0.5,0,0,0.29999999999999999,8.3000000000000007,05:29:50,2015-01-01,05:35:46,2015-01-01
2,1,-73.962959289550795,40.711837768554702,1,N,-73.926567077636705,40.695667266845703,2,13,0.5,0.5,0,0,0.29999999999999999,14.300000000000001,05:29:50,2015-01-01,05:44:28,2015-01-01
1,1,-73.942703247070298,40.816844940185497,1,N,-73.931900024414105,40.857898712158203,1,15.5,0.5,0.5,0,0,0,16.800000000000001,05:29:50,2015-01-01,05:48:55,2015-01-01
2,3,-73.9981689453125,40.735450744628899,1,N,-73.952674865722699,40.810832977294901,2,24,0.5,0.5,0,0,0.29999999999999999,25.300000000000001,05:29:50,2015-01-01,05:50:45,2015-01-01
2,1,-73.982963562011705,40.757415771484403,3,N,-74.177192687988295,40.695056915283203,1,64,0.5,0,1,16,0.29999999999999999,81.799999999999997,05:29:50,2015-01-01,05:54:13,2015-01-01
2,1,-73.952011108398395,40.797595977783203,1,N,-73.957977294921903,40.799880981445298,2,5.5,0.5,0.5,0,0,0.29999999999999999,6.7999999999999998,05:29:51,2015-01-01,05:35:03,2015-01-01
2,5,-74.006408691406193,40.714099884033203,1,N,-73.950271606445298,40.775390625,1,21,0.5,0.5,4.2999999999999998,0,0.29999999999999999,26.600000000000001,05:29:51,2015-01-01,05:43:35,2015-01-01
1,5,-73.980232238769503,40.745681762695298,1,N,-73.991012573242202,40.750312805175803,2,5.5,0.5,0.5,0,0,0,6.7999999999999998,05:29:52,2015-01-01,05:34:16,2015-01-01
1,1,-73.979354858398395,40.7437934875488,1,N,-74.001556396484403,40.737384796142599,1,7.5,0.5,0.5,2.2000000000000002,0,0,11,05:29:52,2015-01-01,05:36:04,2015-01-01
1,1,-73.999252319335895,40.721591949462898,1,N,-73.983680725097699,40.727684020996101,1,7.7000000000000002,0.5,0.5,1.8,0,0,10.800000000000001,05:29:52,2015-01-01,05:38:00,2015-01-01
2,1,-74.004966735839801,40.740840911865199,1,N,-73.951210021972699,40.6467895507812,2,30,0,0.5,0,0,0,30.5,06:10:25,2015-01-01,06:43:13,2015-01-01
2,2,-73.917083740234403,40.780357360839801,1,N,-73.940750122070298,40.7558784484863,2,8.5,0,0.5,0,0,0.29999999999999999,9.3000000000000007,06:10:27,2015-01-01,06:16:51,2015-01-01
2,4,-73.981147766113295,40.747768402099602,1,N,-73.981094360351605,40.725418090820298,1,9,0,0.5,1.8,0,0.29999999999999999,11.6,06:10:27,2015-01-01,06:19:47,2015-01-01
2,4,-73.986572265625,40.766941070556598,1,N,-73.956573486328097,40.805240631103501,1,12,0,0.5,2.3999999999999999,0,0.29999999999999999,15.199999999999999,06:10:27,2015-01-01,06:20:18,2015-01-01
1,1,-73.985404968261705,40.763267517089801,1,N,-73.935844421386705,40.697357177734403,2,25,0,0.5,0,0,0,25.800000000000001,06:10:27,2015-01-01,06:37:21,2015-01-01
2,2,-73.974449157714801,40.791122436523402,1,N,-73.965019226074205,40.684280395507798,1,36.5,0,0.5,10.949999999999999,0,0.29999999999999999,48.25,06:10:27,2015-01-01,06:39:10,2015-01-01
2,2,-73.993667602539105,40.752330780029297,1,N,-74.000663757324205,40.755241394042997,2,4,0,0.5,0,0,0.29999999999999999,4.7999999999999998,06:10:28,2015-01-01,06:12:22,2015-01-01
2,2,-73.980430603027301,40.730228424072301,1,N,-74.006278991699205,40.743911743164098,1,8,0,0.5,2.3999999999999999,0,0.29999999999999999,11.199999999999999,06:10:28,2015-01-01,06:17:56,2015-01-01
1,1,-73.989158630371094,40.755424499511697,1,N,-73.980995178222699,40.755550384521499,2,5,0,0.5,0,0,0,5.7999999999999998,06:10:29,2015-01-01,06:14:45,2015-01-01
1,2,-73.980010986328097,40.775505065917997,1,N,-73.865127563476605,40.770523071289098,1,31.5,0,0.5,7.5,5.3300000000000001,0,45.130000000000003,06:10:29,2015-01-01,06:32:19,2015-01-01
2,1,-73.925865173339801,40.863193511962898,1,N,-73.933448791503906,40.803001403808601,2,14,0,0.5,0,0,0.29999999999999999,14.800000000000001,06:10:30,2015-01-01,06:18:32,2015-01-01
1,1,-73.983634948730497,40.746456146240199,1,N,-73.974311828613295,40.753852844238303,1,5,0,0.5,0.5,0,0,6.2999999999999998,06:10:32,2015-01-01,06:13:17,2015-01-01
2,5,-73.942085266113295,40.7542724609375,1,N,-73.940032958984403,40.763290405273402,2,5,0,0.5,0,0,0.29999999999999999,5.7999999999999998,06:10:32,2015-01-01,06:14:40,2015-01-01
2,1,-73.975982666015597,40.744709014892599,1,N,-73.99951171875,40.738719940185497,1,9,0,0.5,1.8,0,0.29999999999999999,11.6,06:10:32,2015-01-01,06:20:34,2015-01-01
1,1,-73.951614379882798,40.710941314697301,1,N,-73.952049255371094,40.668136596679702,2,13,0,0.5,0,0,0,13.800000000000001,06:10:32,2015-01-01,06:25:45,2015-01-01
2,1,-73.988304138183594,40.731552124023402,1,N,-73.994026184082003,40.686305999755902,2,15.5,0,0.5,0,0,0.29999999999999999,16.300000000000001,06:10:33,2015-01-01,06:26:14,2015-01-01
1,1,-73.988365173339801,40.748306274414098,1,N,-73.896064758300795,40.733634948730497,2,21.5,0,0.5,0,0,0,22.300000000000001,06:10:33,2015-01-01,06:30:35,2015-01-01
2,1,-74.005569458007798,40.751091003417997,1,N,-73.961143493652301,40.672256469726598,1,23.5,0,0.5,4.7000000000000002,0,0.29999999999999999,29,06:10:34,2015-01-01,06:32:23,2015-01-01
2,1,-73.992881774902301,40.758590698242202,1,N,-73.999908447265597,40.7613716125488,1,4,0,0.5,1,0,0.29999999999999999,5.7999999999999998,06:10:35,2015-01-01,06:13:13,2015-01-01
1,1,-73.920188903808594,40.759593963622997,1,N,-73.919708251953097,40.756198883056598,2,4.5,0,0.5,0,0,0,5.2999999999999998,06:10:35,2015-01-01,06:14:40,2015-01-01
2,5,-73.976661682128906,40.747909545898402,1,N,-73.991058349609403,40.748981475830099,2,6.5,0,0.5,0,0,0.29999999999999999,7.2999999999999998,06:10:35,2015-01-01,06:16:54,2015-01-01
1,1,-73.988212585449205,40.764598846435497,1,N,-73.870834350585895,40.774055480957003,2,30.5,0,0.5,0,0,0,31.300000000000001,06:10:35,2015-01-01,06:35:16,2015-01-01
1,2,-73.978927612304702,40.761848449707003,2,N,-73.783523559570298,40.649063110351598,2,52,0,0.5,0,5.3300000000000001,0,58.130000000000003,07:02:04,2015-01-01,07:31:37,2015-01-01
2,1,-73.994316101074205,40.764087677002003,1,N,-73.988288879394503,40.764797210693402,2,4.5,0,0.5,0,0,0.29999999999999999,5.2999999999999998,07:02:05,2015-01-01,07:05:15,2015-01-01
1,1,-73.948547363281193,40.789077758789098,1,N,-73.992729187011705,40.737110137939503,1,14.5,0,0.5,1.7,0,0,17,07:02:05,2015-01-01,07:14:15,2015-01-01
1,1,-73.987739562988295,40.721347808837898,1,N,-73.909324645996094,40.690597534179702,2,19.5,0,0.5,0,0,0,20.300000000000001,07:02:05,2015-01-01,07:22:25,2015-01-01
1,1,-73.975326538085895,40.7494926452637,1,N,-73.970741271972699,40.755912780761697,1,3.5,0,0.5,0.84999999999999998,0,0,5.1500000000000004,07:02:06,2015-01-01,07:03:21,2015-01-01
2,1,-73.993110656738295,40.743057250976598,1,N,-73.998222351074205,40.740615844726598,1,4.5,0,0.5,0.90000000000000002,0,0.29999999999999999,6.2000000000000002,07:02:06,2015-01-01,07:05:47,2015-01-01
1,2,-73.9500732421875,40.776126861572301,1,N,-73.953262329101605,40.807365417480497,2,11.5,0,0.5,0,0,0,12.300000000000001,07:02:06,2015-01-01,07:13:24,2015-01-01
1,1,-73.993804931640597,40.751682281494098,1,N,-73.945854187011705,40.8216743469238,2,22.5,0,0.5,0,0,0,23.300000000000001,07:02:06,2015-01-01,07:20:10,2015-01-01
2,1,-73.991859436035199,40.754405975341797,1,N,-73.882637023925795,40.761310577392599,2,23.5,0,0.5,0,0,0.29999999999999999,24.300000000000001,07:02:06,2015-01-01,07:25:58,2015-01-01
1,2,-73.988014221191406,40.723934173583999,3,N,-74.176986694335895,40.6948051452637,1,71.5,0,0,12,23.5,0,107.3,07:02:06,2015-01-01,07:33:58,2015-01-01
1,1,-73.961692810058594,40.779853820800803,1,N,-73.983573913574205,40.767948150634801,1,7.7000000000000002,0,0.5,1.2,0,0,9.6999999999999993,07:02:07,2015-01-01,07:07:26,2015-01-01
2,1,-73.944068908691406,40.788330078125,1,N,-73.979400634765597,40.763416290283203,2,11,0,0.5,0,0,0.29999999999999999,11.800000000000001,07:02:07,2015-01-01,07:11:19,2015-01-01
2,1,-73.919197082519503,40.693660736083999,1,N,-73.946937561035199,40.682178497314503,2,8.5,0,0.5,0,0,0.29999999999999999,9.3000000000000007,07:02:08,2015-01-01,07:09:17,2015-01-01
1,1,-73.954345703125,40.770313262939503,1,N,-73.887794494628906,40.767539978027301,2,21.5,0,0.5,0,5.3300000000000001,0,27.629999999999999,07:02:10,2015-01-01,07:15:10,2015-01-01
1,1,-73.952720642089801,40.8235893249512,1,N,-73.992622375488295,40.758277893066399,1,18,0,0.5,3,0,0,21.800000000000001,07:02:10,2015-01-01,07:16:35,2015-01-01
2,5,-73.776771545410199,40.645320892333999,1,N,-73.768867492675795,40.696208953857401,2,19.5,0,0.5,0,0,0.29999999999999999,20.300000000000001,07:02:10,2015-01-01,07:21:05,2015-01-01
2,1,-73.987228393554702,40.760799407958999,1,N,-73.980941772460895,40.6597290039062,2,28.5,0,0.5,0,0,0.29999999999999999,29.300000000000001,07:02:10,2015-01-01,07:30:54,2015-01-01
1,1,-73.979156494140597,40.771862030029297,1,Y,-73.954277038574205,40.764133453369098,1,7.2000000000000002,0,0.5,1.6000000000000001,0,0,9.5999999999999996,07:02:11,2015-01-01,07:08:41,2015-01-01
2,2,-74.002548217773395,40.730331420898402,1,N,-74.166038513183594,40.630290985107401,2,50,0,0.5,0,10.66,0.29999999999999999,61.460000000000001,07:02:11,2015-01-01,07:32:17,2015-01-01
1,1,-73.992561340332003,40.750076293945298,1,N,-73.982101440429702,40.745960235595703,2,5.5,0,0.5,0,0,0,6.2999999999999998,07:02:12,2015-01-01,07:07:09,2015-01-01
2,3,-73.96435546875,40.710411071777301,1,N,-73.981971740722699,40.696071624755902,1,9,0,0.5,1.8,0,0.29999999999999999,11.6,07:02:12,2015-01-01,07:08:41,2015-01-01
1,3,-73.776893615722699,40.645137786865199,2,N,-73.942375183105497,40.808906555175803,1,52,0,0.5,10,5.3300000000000001,0,68.129999999999995,07:02:13,2015-01-01,07:28:51,2015-01-01
2,5,-73.965972900390597,40.762588500976598,1,N,-73.955703735351605,40.7643013000488,1,5,0,0.5,1,0,0.29999999999999999,6.7999999999999998,07:26:02,2015-01-01,07:29:43,2015-01-01
2,1,-73.981582641601605,40.767978668212898,1,N,-73.958564758300795,40.764194488525398,1,7,0,0.5,1.3999999999999999,0,0.29999999999999999,9.1999999999999993,07:26:02,2015-01-01,07:31:18,2015-01-01
2,1,-73.982658386230497,40.747631072997997,1,N,-73.991180419921903,40.750938415527301,2,4,0,0.5,0,0,0.29999999999999999,4.7999999999999998,07:26:05,2015-01-01,07:28:00,2015-01-01
1,1,-73.944183349609403,40.835289001464801,1,N,-73.954818725585895,40.8181762695312,2,7,0,0.5,0,0,0,7.7999999999999998,07:26:05,2015-01-01,07:31:13,2015-01-01
2,1,-73.935348510742202,40.847133636474602,1,N,-73.941940307617202,40.833145141601598,2,6.5,0,0.5,0,0,0.29999999999999999,7.2999999999999998,07:26:06,2015-01-01,07:31:49,2015-01-01
1,1,-73.994461059570298,40.719608306884801,1,N,-73.991241455078097,40.702644348144503,1,8.5,0,0.5,1.8500000000000001,0,0,11.15,07:26:07,2015-01-01,07:32:46,2015-01-01
2,5,-73.968818664550795,40.754642486572301,1,N,-73.9920654296875,40.759391784667997,1,10,0,0.5,2,0,0.29999999999999999,12.800000000000001,07:26:07,2015-01-01,07:38:14,2015-01-01
1,2,-73.974052429199205,40.763694763183601,1,N,-73.988861083984403,40.7445678710938,2,6.5,0,0.5,0,0,0,7.2999999999999998,07:26:08,2015-01-01,07:30:08,2015-01-01
1,1,-73.992492675781193,40.7139701843262,1,N,-73.996047973632798,40.759002685546903,1,15,0,0.5,3.1499999999999999,0,0,18.949999999999999,07:26:08,2015-01-01,07:39:17,2015-01-01
2,1,-73.936790466308594,40.850547790527301,1,N,-73.908927917480497,40.877185821533203,2,11.5,0,0.5,0,0,0.29999999999999999,12.300000000000001,07:26:09,2015-01-01,07:34:51,2015-01-01
2,1,-73.951889038085895,40.773761749267599,1,N,-73.978172302246094,40.764400482177699,2,10,0,0.5,0,0,0.29999999999999999,10.800000000000001,07:26:10,2015-01-01,07:37:01,2015-01-01
2,2,-73.989814758300795,40.733806610107401,1,N,-73.978088378906193,40.751251220703097,2,7,0,0.5,0,0,0.29999999999999999,7.7999999999999998,07:26:11,2015-01-01,07:31:46,2015-01-01
2,4,-73.861679077148395,40.817230224609403,1,N,-73.888267517089801,40.871997833252003,2,16.5,0,0.5,0,0,0.29999999999999999,17.300000000000001,07:26:12,2015-01-01,07:39:47,2015-01-01
1,1,-74.004913330078097,40.737598419189503,1,N,-73.990318298339801,40.756320953369098,2,6.5,0,0.5,0,0,0,7.2999999999999998,07:26:16,2015-01-01,07:30:30,2015-01-01
2,4,-73.776809692382798,40.645870208740199,1,N,-73.924636840820298,40.760208129882798,1,41,0,0.5,10.25,0,0.29999999999999999,52.049999999999997,07:26:16,2015-01-01,07:47:39,2015-01-01
2,3,-73.984870910644503,40.769050598144503,1,N,-73.9976806640625,40.7565307617188,2,6.5,0,0.5,0,0,0.29999999999999999,7.2999999999999998,07:26:17,2015-01-01,07:29:17,2015-01-01
2,1,-73.982276916503906,40.7740287780762,1,N,-73.994049072265597,40.751319885253899,2,8.5,0,0.5,0,0,0.29999999999999999,9.3000000000000007,07:26:17,2015-01-01,07:32:44,2015-01-01
1,1,-73.935531616210895,40.699119567871101,1,N,-73.871032714843807,40.774204254150398,1,24.199999999999999,0,0.5,5,0,0,30,07:26:17,2015-01-01,07:40:58,2015-01-01
1,1,-73.975677490234403,40.733154296875,1,N,-73.960113525390597,40.644725799560497,1,29.199999999999999,0,0.5,6,0,0,36,07:26:17,2015-01-01,07:46:30,2015-01-01
2,5,-73.995330810546903,40.717609405517599,1,N,-73.989410400390597,40.720348358154297,2,4.5,0,0.5,0,0,0.29999999999999999,5.2999999999999998,07:26:18,2015-01-01,07:30:34,2015-01-01
2,2,-73.958923339843807,40.768241882324197,1,N,-73.952560424804702,40.789520263671903,1,8,0,0.5,0.5,0,0.29999999999999999,9.3000000000000007,07:26:18,2015-01-01,07:33:15,2015-01-01
1,1,0,0,1,N,0,0,1,8.6999999999999993,0,0.5,9.5,0,0,19,07:26:18,2015-01-01,07:34:42,2015-01-01
2,2,-73.9842529296875,40.7647514343262,1,N,-73.955726623535199,40.776271820068402,1,8.5,0,0.5,2.1200000000000001,0,0.29999999999999999,11.42,07:52:51,2015-01-01,07:58:29,2015-01-01
2,1,-73.940689086914105,40.839443206787102,1,N,-73.907402038574205,40.893596649169901,1,14.5,0,0.5,3.3900000000000001,2.4399999999999999,0.29999999999999999,21.129999999999999,07:52:51,2015-01-01,08:00:25,2015-01-01
2,5,-73.988632202148395,40.717536926269503,1,N,-73.991539001464801,40.750022888183601,2,12.5,0,0.5,0,0,0.29999999999999999,13.300000000000001,07:52:51,2015-01-01,08:05:25,2015-01-01
2,1,-73.987869262695298,40.734531402587898,1,N,-73.989532470703097,40.735870361328097,2,2.5,0,0.5,0,0,0.29999999999999999,3.2999999999999998,07:52:52,2015-01-01,07:53:10,2015-01-01
2,2,-73.988540649414105,40.734161376953097,1,N,-73.978599548339801,40.720100402832003,2,6.5,0,0.5,0,0,0.29999999999999999,7.2999999999999998,07:52:52,2015-01-01,07:58:09,2015-01-01
2,2,-73.973968505859403,40.754264831542997,2,N,-73.782386779785199,40.648765563964801,2,52,0,0.5,0,0,0.29999999999999999,52.799999999999997,07:52:52,2015-01-01,08:21:16,2015-01-01
1,1,-73.888565063476605,40.747207641601598,1,N,-73.861389160156193,40.823940277099602,2,25.5,0,0.5,0,5.3300000000000001,0,31.629999999999999,07:52:53,2015-01-01,08:09:05,2015-01-01
2,1,-74.004096984863295,40.742000579833999,1,N,-73.923583984375,40.762783050537102,2,21.5,0,0.5,0,0,0.29999999999999999,22.300000000000001,07:52:53,2015-01-01,08:13:14,2015-01-01
1,1,-73.958145141601605,40.815769195556598,1,N,-73.936744689941406,40.842300415039098,2,10.5,0,0.5,0,0,0,11.300000000000001,07:52:55,2015-01-01,08:02:57,2015-01-01
2,1,-73.970420837402301,40.756549835205099,1,N,-73.979377746582003,40.761428833007798,2,4.5,0,0.5,0,0,0.29999999999999999,5.2999999999999998,07:52:56,2015-01-01,07:56:26,2015-01-01
2,5,-73.989799499511705,40.700832366943402,1,N,-73.963233947753906,40.6937065124512,1,9,0,0.5,1,0,0.29999999999999999,10.800000000000001,07:52:56,2015-01-01,08:02:31,2015-01-01
2,1,-73.997413635253906,40.741722106933601,1,N,-73.979743957519503,40.73095703125,2,7.5,0,0.5,0,0,0.29999999999999999,8.3000000000000007,07:52:57,2015-01-01,07:59:31,2015-01-01
1,2,-73.950286865234403,40.786701202392599,1,N,-73.978271484375,40.750614166259801,1,12.199999999999999,0,0.5,3,0,0,16,07:52:57,2015-01-01,08:04:45,2015-01-01
2,1,-73.982315063476605,40.731582641601598,1,N,-73.975997924804702,40.7401733398438,2,4,0,0.5,0,0,0.29999999999999999,4.7999999999999998,07:52:58,2015-01-01,07:54:45,2015-01-01
2,1,-73.990737915039105,40.739551544189503,1,N,-73.982528686523395,40.742130279541001,2,4.5,0,0.5,0,0,0.29999999999999999,5.2999999999999998,07:52:59,2015-01-01,07:55:54,2015-01-01
1,1,-73.963371276855497,40.7660102844238,1,N,-73.9622802734375,40.805263519287102,1,12.199999999999999,0,0.5,1,0,0,14,07:52:59,2015-01-01,08:03:50,2015-01-01
1,1,-73.962203979492202,40.770515441894503,1,N,-74.004562377929702,40.708240509033203,1,19.699999999999999,0,0.5,4.0999999999999996,0,0,24.600000000000001,07:53:00,2015-01-01,08:05:10,2015-01-01
2,1,-73.967582702636705,40.759891510009801,1,N,-73.971115112304702,40.766727447509801,2,5,0,0.5,0,0,0.29999999999999999,5.7999999999999998,07:53:02,2015-01-01,07:56:58,2015-01-01
1,1,-73.938735961914105,40.791477203369098,1,N,-73.952941894531193,40.767765045166001,2,10.5,0,0.5,0,0,0,11.300000000000001,07:53:02,2015-01-01,07:58:30,2015-01-01
1,1,-73.974510192871094,40.761810302734403,2,N,-73.786323547363295,40.644252777099602,1,51.700000000000003,0,0.5,10,5.3300000000000001,0,67.829999999999998,07:53:02,2015-01-01,08:17:01,2015-01-01
1,1,-73.997032165527301,40.7213134765625,1,N,-74.028121948242202,40.735618591308601,1,14.199999999999999,0,0.5,18,11.75,0,44.75,07:53:04,2015-01-01,08:08:46,2015-01-01
2,1,-73.986869812011705,40.739963531494098,1,N,-73.961242675781193,40.774448394775398,2,10.5,0,0.5,0,0,0.29999999999999999,11.300000000000001,07:53:05,2015-01-01,08:02:05,2015-01-01
2,6,-73.952850341796903,40.783161163330099,1,N,-73.922714233398395,40.769657135009801,1,20,0,0.5,5.0700000000000003,5.3300000000000001,0.29999999999999999,31.199999999999999,08:32:50,2015-01-01,08:49:46,2015-01-01
2,1,-73.940277099609403,40.679969787597699,1,N,-73.996047973632798,40.764308929443402,1,39,0,0.5,0,0,0.29999999999999999,39.799999999999997,08:32:50,2015-01-01,09:16:47,2015-01-01
1,1,-73.949440002441406,40.785255432128899,1,N,-73.905708312988295,40.867301940917997,1,22.5,0,0.5,4.6500000000000004,0,0,27.949999999999999,08:32:51,2015-01-01,08:47:09,2015-01-01
1,1,-73.999435424804702,40.720012664794901,1,N,-73.9857177734375,40.759895324707003,1,11.5,0,0.5,2.4500000000000002,0,0,14.75,08:32:52,2015-01-01,08:42:18,2015-01-01
2,2,-73.983573913574205,40.7318115234375,1,N,-73.951370239257798,40.824954986572301,1,27.5,0,0.5,6.8799999999999999,0,0.29999999999999999,35.18,08:32:52,2015-01-01,08:56:35,2015-01-01
2,1,-73.985130310058594,40.739707946777301,1,N,-73.994903564453097,40.750106811523402,1,6.5,0,0.5,1.3,0,0.29999999999999999,8.5999999999999996,08:32:53,2015-01-01,08:38:02,2015-01-01
2,3,-73.999694824218807,40.719497680664098,1,N,-74.008972167968807,40.731456756591797,1,9,0,0.5,2.25,0,0.29999999999999999,12.050000000000001,08:32:54,2015-01-01,08:42:35,2015-01-01
2,5,-73.978866577148395,40.724010467529297,1,N,-73.992088317871094,40.730636596679702,1,25.5,0,0.5,5.0999999999999996,0,0.29999999999999999,31.399999999999999,08:32:54,2015-01-01,09:03:18,2015-01-01
2,1,-73.990425109863295,40.718910217285199,1,N,-74.001617431640597,40.7190551757812,2,7,0,0.5,0,0,0.29999999999999999,7.7999999999999998,08:32:55,2015-01-01,08:39:26,2015-01-01
2,1,-73.992813110351605,40.723026275634801,1,N,-74.003196716308594,40.759090423583999,1,13,0,0.5,2.6000000000000001,0,0.29999999999999999,16.399999999999999,08:32:55,2015-01-01,08:45:06,2015-01-01
1,1,-73.946533203125,40.780673980712898,1,N,-73.952392578125,40.740493774414098,1,17,0,0.5,4,0,0,21.800000000000001,08:32:55,2015-01-01,08:47:23,2015-01-01
2,1,-73.973136901855497,40.754680633544901,2,N,-73.791481018066406,40.644733428955099,1,52,0,0.5,8,5.3300000000000001,0.29999999999999999,66.129999999999995,08:32:56,2015-01-01,08:52:30,2015-01-01
1,1,-73.974845886230497,40.742218017578097,1,N,-73.961036682128906,40.762626647949197,1,6.5,0,0.5,1.8,0,0,9.0999999999999996,08:32:57,2015-01-01,08:36:05,2015-01-01
1,1,-74.015739440917997,40.710880279541001,1,N,-74.014495849609403,40.703956604003899,2,5,0,0.5,0,0,0,5.7999999999999998,08:32:57,2015-01-01,08:37:43,2015-01-01
2,2,-73.969284057617202,40.766605377197301,1,N,-73.980895996093807,40.724925994872997,1,15.5,0,0.5,3.1000000000000001,0,0.29999999999999999,19.399999999999999,08:32:57,2015-01-01,08:48:29,2015-01-01
1,1,0,0,1,N,0,0,1,24.699999999999999,0,0.5,5.0999999999999996,0,0,30.600000000000001,08:32:57,2015-01-01,08:49:42,2015-01-01
1,1,-73.937477111816406,40.795963287353501,1,N,-73.871940612792997,40.879955291747997,2,26.5,0,0.5,0,0,0,27.300000000000001,08:32:57,2015-01-01,09:16:44,2015-01-01
1,1,-74.001556396484403,40.735660552978501,1,N,-73.994735717773395,40.750350952148402,2,7,0,0.5,0,0,0,7.7999999999999998,08:32:59,2015-01-01,08:39:11,2015-01-01
1,1,-73.992156982421903,40.727508544921903,1,N,-73.969284057617202,40.764453887939503,1,11,0,0.5,1.5,0,0,13.300000000000001,08:33:01,2015-01-01,08:42:19,2015-01-01
1,1,-73.921707153320298,40.743663787841797,1,N,-73.988220214843807,40.748451232910199,2,16.5,0,0.5,0,0,0,17.300000000000001,08:33:01,2015-01-01,08:46:18,2015-01-01
2,1,-73.982803344726605,40.776691436767599,1,N,-73.993659973144503,40.759777069091797,1,7,0,0.5,1.3999999999999999,0,0.29999999999999999,9.1999999999999993,08:33:02,2015-01-01,08:38:40,2015-01-01
2,1,-73.967964172363295,40.763156890869098,1,N,-73.886322021484403,40.750236511230497,1,18,0,0.5,3.6000000000000001,0,0.29999999999999999,22.399999999999999,08:33:02,2015-01-01,08:49:57,2015-01-01
2,1,-73.959297180175795,40.763141632080099,1,N,-73.960258483886705,40.773811340332003,1,5,0,0.5,1,0,0.29999999999999999,6.7999999999999998,16:35:23,2015-01-01,16:38:39,2015-01-01
1,1,-73.996002197265597,40.7254028320312,1,N,-73.992858886718807,40.742641448974602,1,6.2000000000000002,0,0.5,1.75,0,0,8.75,16:35:23,2015-01-01,16:40:17,2015-01-01
2,1,-73.993553161621094,40.757423400878899,1,N,-74.010490417480497,40.718715667724602,2,11.5,0,0.5,0,0,0.29999999999999999,12.300000000000001,16:35:23,2015-01-01,16:45:14,2015-01-01
1,1,0,0,1,N,0,0,2,10,0,0.5,0,0,0,10.800000000000001,16:35:23,2015-01-01,16:45:43,2015-01-01
2,2,-73.997863769531193,40.733680725097699,1,N,-73.982795715332003,40.7229614257812,1,8.5,0,0.5,1.7,0,0.29999999999999999,11,16:35:23,2015-01-01,16:46:04,2015-01-01
2,5,-73.997726440429702,40.720733642578097,1,N,-73.997795104980497,40.756595611572301,1,12,0,0.5,1.3999999999999999,0,0.29999999999999999,14.199999999999999,16:35:23,2015-01-01,16:47:38,2015-01-01
2,1,-73.985008239746094,40.770198822021499,1,N,-73.989151000976605,40.7569389343262,1,6,1,0.5,1.75,0,0.29999999999999999,9.5500000000000007,16:35:24,2015-01-01,16:40:53,2015-01-01
2,1,-73.963310241699205,40.7750434875488,1,N,-73.963310241699205,40.7750434875488,2,9.5,0,0.5,0,0,0.29999999999999999,10.300000000000001,16:35:24,2015-01-01,16:46:29,2015-01-01
2,5,-74.008697509765597,40.711380004882798,1,N,-73.991622924804702,40.755691528320298,1,12.5,0,0.5,0,0,0.29999999999999999,13.300000000000001,16:35:24,2015-01-01,16:47:40,2015-01-01
1,3,-73.981910705566406,40.778343200683601,1,N,-73.991096496582003,40.760444641113303,1,7.5,0,0.5,1.6499999999999999,0,0,9.9499999999999993,16:35:25,2015-01-01,16:42:37,2015-01-01
2,6,-73.998855590820298,40.734115600585902,1,N,-73.978919982910199,40.742855072021499,1,8,0,0.5,0.5,0,0.29999999999999999,9.3000000000000007,16:35:25,2015-01-01,16:42:58,2015-01-01
2,5,-73.966941833496094,40.763740539550803,1,N,-73.952865600585895,40.773181915283203,1,8,0,0.5,2,0,0.29999999999999999,10.800000000000001,16:35:25,2015-01-01,16:43:38,2015-01-01
1,1,-73.961105346679702,40.760646820068402,1,N,-73.965492248535199,40.755142211914098,1,5.5,0,0.5,0,0,0,6.2999999999999998,16:35:26,2015-01-01,16:39:51,2015-01-01
1,2,0,0,1,N,-73.990264892578097,40.757259368896499,2,7,0,0.5,0,0,0,7.7999999999999998,16:35:26,2015-01-01,16:42:13,2015-01-01
2,2,-73.977790832519503,40.786781311035199,1,N,-73.953575134277301,40.780075073242202,2,10,0,0.5,0,0,0.29999999999999999,10.800000000000001,16:35:26,2015-01-01,16:46:28,2015-01-01
2,1,-73.976310729980497,40.759994506835902,1,N,-73.976448059082003,40.759693145752003,2,3,0,0.5,0,0,0.29999999999999999,3.7999999999999998,16:35:27,2015-01-01,16:36:45,2015-01-01
1,1,-73.991539001464801,40.770217895507798,1,N,-73.995216369628906,40.749797821044901,1,8.5,0,0.5,2.2999999999999998,0,0,11.6,16:35:27,2015-01-01,16:44:10,2015-01-01
2,1,-74.016288757324205,40.711254119872997,1,N,-73.996803283691406,40.737270355224602,2,10,0,0.5,0,0,0.29999999999999999,10.800000000000001,16:35:27,2015-01-01,16:45:31,2015-01-01
2,1,-73.982383728027301,40.767848968505902,1,N,-73.991020202636705,40.746261596679702,2,9.5,1,0.5,0,0,0.29999999999999999,11.300000000000001,16:35:27,2015-01-01,16:47:14,2015-01-01
2,1,-73.9993896484375,40.715938568115199,1,N,-74.016212463378906,40.706642150878899,1,10.5,0,0.5,2.6200000000000001,0,0.29999999999999999,13.92,16:35:27,2015-01-01,16:49:25,2015-01-01
2,6,-73.992050170898395,40.750083923339801,1,N,-73.993675231933594,40.734268188476598,2,6.5,0,0.5,0,0,0.29999999999999999,7.2999999999999998,16:35:28,2015-01-01,16:41:11,2015-01-01
1,2,-73.998664855957003,40.7156372070312,1,N,-74.010566711425795,40.704021453857401,2,8.5,0,0.5,0,0,0,9.3000000000000007,16:35:28,2015-01-01,16:46:34,2015-01-01
2,2,-74.004768371582003,40.747169494628899,1,N,-73.999061584472699,40.754726409912102,2,4,1,0.5,0,0,0.29999999999999999,5.7999999999999998,16:55:17,2015-01-01,16:56:36,2015-01-01
2,1,-73.777618408203097,40.646701812744098,2,N,-73.955871582031193,40.804695129394503,2,52,0,0.5,0,5.3300000000000001,0.29999999999999999,58.130000000000003,16:55:17,2015-01-01,17:27:27,2015-01-01
1,1,-73.985107421875,40.736408233642599,1,N,-73.985710144042997,40.735294342041001,2,3,0,0.5,0,0,0,3.7999999999999998,16:55:18,2015-01-01,16:56:28,2015-01-01
2,1,0,0,1,N,0,0,2,5,0,0.5,0,0,0.29999999999999999,5.7999999999999998,16:55:18,2015-01-01,16:58:58,2015-01-01
1,1,-73.988990783691406,40.7227973937988,1,N,-74.000907897949205,40.725906372070298,1,7,0,0.5,2.2999999999999998,0,0,10.1,16:55:19,2015-01-01,17:02:44,2015-01-01
2,1,-73.996452331542997,40.732089996337898,1,N,-73.976242065429702,40.765571594238303,1,11.5,0,0.5,0,0,0.29999999999999999,12.300000000000001,16:55:19,2015-01-01,17:07:36,2015-01-01
2,1,-73.954414367675795,40.783992767333999,1,N,-73.994758605957003,40.7029838562012,1,27.5,1,0.5,5.7000000000000002,0,0.29999999999999999,35,16:55:19,2015-01-01,17:19:29,2015-01-01
2,1,-73.988784790039105,40.750274658203097,1,N,-74.001976013183594,40.755874633789098,2,6.5,0,0.5,0,0,0.29999999999999999,7.2999999999999998,16:55:20,2015-01-01,17:00:31,2015-01-01
2,1,-73.972610473632798,40.743400573730497,1,N,-73.947502136230497,40.779556274414098,1,10,0,0.5,2,0,0.29999999999999999,12.800000000000001,16:55:20,2015-01-01,17:02:29,2015-01-01
2,4,-73.953163146972699,40.807468414306598,1,N,-73.936065673828097,40.843540191650398,1,13,1,0.5,2.7999999999999998,0,0.29999999999999999,17.600000000000001,16:55:20,2015-01-01,17:10:05,2015-01-01
2,5,-73.982498168945298,40.772365570068402,1,N,-73.961868286132798,40.755477905273402,2,11.5,0,0.5,0,0,0.29999999999999999,12.300000000000001,16:55:20,2015-01-01,17:11:40,2015-01-01
1,3,-73.966506958007798,40.761482238769503,1,N,-73.977157592773395,40.756645202636697,2,11,0,0.5,0,0,0,11.800000000000001,16:55:20,2015-01-01,17:12:06,2015-01-01
1,1,-73.776763916015597,40.645370483398402,1,N,-73.916793823242202,40.770664215087898,2,37.5,0,0.5,0,0,0,38.299999999999997,16:55:20,2015-01-01,17:18:03,2015-01-01
2,1,-73.974174499511705,40.731101989746101,1,N,-73.980201721191406,40.742935180664098,1,6,0,0.5,1.2,0,0.29999999999999999,8,16:55:21,2015-01-01,17:00:23,2015-01-01
1,2,-74.004234313964801,40.7209281921387,1,N,-73.99072265625,40.756149291992202,2,12.5,0,0.5,0,0,0,13.300000000000001,16:55:21,2015-01-01,17:08:52,2015-01-01
1,1,-73.986137390136705,40.755802154541001,1,N,-73.946189880371094,40.780437469482401,1,16.199999999999999,0,0.5,7,0,0,24,16:55:21,2015-01-01,17:16:11,2015-01-01
2,2,-73.987335205078097,40.735866546630902,1,N,-73.979431152343807,40.735675811767599,2,4.5,0,0.5,0,0,0.29999999999999999,5.2999999999999998,16:55:22,2015-01-01,16:59:16,2015-01-01
2,5,-73.982513427734403,40.762420654296903,1,N,-73.977722167968807,40.753139495849602,1,10,0,0.5,2,0,0.29999999999999999,12.800000000000001,16:55:22,2015-01-01,17:09:25,2015-01-01
2,1,-73.966789245605497,40.767238616943402,1,N,-74.012771606445298,40.704513549804702,1,22.5,0,0.5,2,0,0.29999999999999999,25.300000000000001,16:55:24,2015-01-01,17:14:55,2015-01-01
2,4,-73.960113525390597,40.770839691162102,1,N,-73.994163513183594,40.759178161621101,2,14.5,0,0.5,0,0,0.29999999999999999,15.300000000000001,16:55:24,2015-01-01,17:15:09,2015-01-01
2,1,-73.872886657714801,40.773971557617202,1,N,-73.965873718261705,40.762668609619098,1,25.5,0,0.5,3,0,0.29999999999999999,29.300000000000001,16:55:24,2015-01-01,17:17:07,2015-01-01
2,1,-73.937789916992202,40.803913116455099,1,N,-73.991294860839801,40.750293731689503,2,19,1,0.5,0,0,0.29999999999999999,20.800000000000001,16:55:26,2015-01-01,17:18:10,2015-01-01
2,5,-73.99462890625,40.734519958496101,1,N,-74.004722595214801,40.722888946533203,1,7,0.5,0.5,1.5,0,0.29999999999999999,9.8000000000000007,22:47:45,2015-01-01,22:53:53,2015-01-01
2,5,-73.994361877441406,40.761188507080099,1,N,-73.9581298828125,40.762931823730497,1,11,0.5,0.5,2,0,0.29999999999999999,14.300000000000001,22:47:45,2015-01-01,22:59:12,2015-01-01
1,1,-73.913635253906193,40.754615783691399,1,N,-73.923538208007798,40.754669189453097,2,4.5,0.5,0.5,0,0,0,5.7999999999999998,22:47:46,2015-01-01,22:50:55,2015-01-01
2,6,-73.966835021972699,40.788730621337898,1,N,-73.956108093261705,40.783058166503899,2,6.5,0.5,0.5,0,0,0.29999999999999999,7.7999999999999998,22:47:46,2015-01-01,22:52:57,2015-01-01
1,1,-73.987464904785199,40.743995666503899,1,N,-73.985488891601605,40.756458282470703,2,7,0.5,0.5,0,0,0,8.3000000000000007,22:47:46,2015-01-01,22:54:41,2015-01-01
1,1,-73.979110717773395,40.758941650390597,1,N,-73.985954284667997,40.758094787597699,2,7,0.5,0.5,0,0,0,8.3000000000000007,22:47:46,2015-01-01,22:56:44,2015-01-01
1,1,-73.976959228515597,40.751960754394503,1,N,-73.923522949218807,40.742252349853501,1,14,0.5,0.5,3.0499999999999998,0,0,18.350000000000001,22:47:46,2015-01-01,23:00:38,2015-01-01
1,1,-74.010025024414105,40.734367370605497,1,N,-73.980979919433594,40.763786315917997,1,13.5,0.5,0.5,2.9500000000000002,0,0,17.75,22:47:46,2015-01-01,23:01:13,2015-01-01
1,1,-73.993278503417997,40.756626129150398,1,N,-73.949897766113295,40.776058197021499,2,14,0.5,0.5,0,0,0,15.300000000000001,22:47:46,2015-01-01,23:02:18,2015-01-01
1,2,-73.983543395996094,40.721946716308601,1,N,-73.981269836425795,40.7641792297363,2,15.5,0.5,0.5,0,0,0,16.800000000000001,22:47:46,2015-01-01,23:05:47,2015-01-01
2,1,-73.776741027832003,40.645416259765597,1,N,0,0,2,2.5,0.5,0.5,0,0,0.29999999999999999,3.7999999999999998,22:47:47,2015-01-01,22:47:58,2015-01-01
2,1,-73.996795654296903,40.742618560791001,1,N,-74.003791809082003,40.737300872802699,1,4.5,0.5,0.5,1.25,0,0.29999999999999999,7.0499999999999998,22:47:47,2015-01-01,22:51:29,2015-01-01
2,1,-73.991989135742202,40.7647705078125,1,N,-73.984245300292997,40.750080108642599,1,7,0.5,0.5,2.25,0,0.29999999999999999,10.550000000000001,22:47:47,2015-01-01,22:53:39,2015-01-01
2,1,-73.924797058105497,40.744083404541001,1,N,-73.895751953125,40.750625610351598,1,11.5,0.5,0.5,2,0,0.29999999999999999,14.800000000000001,22:47:47,2015-01-01,23:01:21,2015-01-01
2,1,-73.990234375,40.754154205322301,1,N,-73.985328674316406,40.7644233703613,2,5.5,0.5,0.5,0,0,0.29999999999999999,6.7999999999999998,22:47:48,2015-01-01,22:53:11,2015-01-01
2,1,-73.991302490234403,40.750656127929702,1,N,-73.978790283203097,40.7448921203613,1,5.5,0.5,0.5,1,0,0.29999999999999999,7.7999999999999998,22:47:48,2015-01-01,22:53:20,2015-01-01
1,1,-73.981552124023395,40.724601745605497,1,N,-73.998733520507798,40.729648590087898,2,6,0.5,0.5,0,0,0,7.2999999999999998,22:47:48,2015-01-01,22:53:41,2015-01-01
2,6,-73.955886840820298,40.803619384765597,1,N,-73.938087463378906,40.812839508056598,1,7.5,0.5,0.5,2,0,0.29999999999999999,10.800000000000001,22:47:48,2015-01-01,22:54:48,2015-01-01
1,1,-73.981536865234403,40.775260925292997,1,N,-73.976264953613295,40.790782928466797,1,7,0.5,0.5,1.6499999999999999,0,0,9.9499999999999993,22:47:49,2015-01-01,22:54:14,2015-01-01
2,2,-73.965873718261705,40.789772033691399,1,N,-73.9873046875,40.765689849853501,1,9,0.5,0.5,1.8999999999999999,0,0.29999999999999999,12.199999999999999,22:47:49,2015-01-01,22:55:36,2015-01-01
1,1,-73.910659790039105,40.769481658935497,1,N,-73.946372985839801,40.806720733642599,2,13.5,0.5,0.5,0,5.3300000000000001,0,20.129999999999999,22:47:49,2015-01-01,22:56:37,2015-01-01
2,5,-73.989906311035199,40.735240936279297,1,N,-73.982574462890597,40.769195556640597,2,13,0.5,0.5,0,0,0.29999999999999999,14.300000000000001,22:47:49,2015-01-01,23:01:26,2015-01-01
2,1,-73.981109619140597,40.768428802490199,1,N,-73.955642700195298,40.72119140625,2,23.5,0.5,0.5,0,0,0.29999999999999999,24.800000000000001,23:32:36,2015-01-01,23:55:57,2015-01-01
1,1,-73.991905212402301,40.754722595214801,1,N,-73.9781494140625,40.741733551025398,2,7.5,0.5,0.5,0,0,0,8.8000000000000007,23:32:37,2015-01-01,23:39:50,2015-01-01
2,2,-73.976295471191406,40.755950927734403,1,N,-73.980072021484403,40.7822456359863,2,9.5,0.5,0.5,0,0,0.29999999999999999,10.800000000000001,23:32:37,2015-01-01,23:40:40,2015-01-01
2,4,-73.992515563964801,40.748237609863303,1,N,-73.975227355957003,40.749881744384801,1,10.5,0.5,0.5,2.2000000000000002,0,0.29999999999999999,14,23:32:37,2015-01-01,23:41:24,2015-01-01
2,1,-73.960113525390597,40.773395538330099,1,N,-73.989387512207003,40.757270812988303,2,10.5,0.5,0.5,0,0,0.29999999999999999,11.800000000000001,23:32:37,2015-01-01,23:42:29,2015-01-01
2,1,-73.976028442382798,40.786201477050803,1,N,-73.941673278808594,40.843505859375,2,17.5,0.5,0.5,0,0,0.29999999999999999,18.800000000000001,23:32:37,2015-01-01,23:44:25,2015-01-01
2,2,-73.983169555664105,40.762092590332003,1,N,-73.854476928710895,40.848823547363303,1,49.5,0.5,0.5,0,0,0.29999999999999999,50.799999999999997,23:32:38,2015-01-01,00:04:49,2015-01-02
1,1,-73.986724853515597,40.729904174804702,1,Y,-74.002731323242202,40.727394104003899,1,5.2000000000000002,0.5,0.5,1.3,0,0,7.7999999999999998,23:32:38,2015-01-01,23:37:01,2015-01-01
2,1,-74.005088806152301,40.741085052490199,1,N,-73.994056701660199,40.751392364502003,2,7,0.5,0.5,0,0,0.29999999999999999,8.3000000000000007,23:32:38,2015-01-01,23:39:25,2015-01-01
1,1,-73.984283447265597,40.759105682372997,1,Y,-73.991455078125,40.7498588562012,1,7.2000000000000002,0.5,0.5,1.7,0,0,10.199999999999999,23:32:38,2015-01-01,23:40:32,2015-01-01
2,1,-73.980194091796903,40.759506225585902,1,N,-73.985694885253906,40.757373809814503,1,4.5,0.5,0.5,1,0,0.29999999999999999,6.7999999999999998,23:32:39,2015-01-01,23:36:30,2015-01-01
2,6,-73.999626159667997,40.7218208312988,1,N,-73.990531921386705,40.750171661377003,2,10,0.5,0.5,0,0,0.29999999999999999,11.300000000000001,23:32:39,2015-01-01,23:43:04,2015-01-01
2,1,-74.00537109375,40.718410491943402,1,N,-74.005409240722699,40.732303619384801,1,5.5,0.5,0.5,1.2,0,0.29999999999999999,8,23:32:40,2015-01-01,23:36:52,2015-01-01
2,1,-73.985252380371094,40.746658325195298,1,N,-73.977996826171903,40.7533988952637,1,5.5,0.5,0.5,1.2,0,0.29999999999999999,8,23:32:40,2015-01-01,23:37:25,2015-01-01
1,1,-73.9886474609375,40.7311401367188,1,N,-74.003265380859403,40.732700347900398,1,6,0.5,0.5,1.45,0,0,8.75,23:32:40,2015-01-01,23:39:32,2015-01-01
2,1,-73.986740112304702,40.739730834960902,1,N,-73.983596801757798,40.755439758300803,2,9,0.5,0.5,0,0,0.29999999999999999,10.300000000000001,23:32:40,2015-01-01,23:40:55,2015-01-01
2,3,-73.977607727050795,40.758014678955099,1,N,-73.982162475585895,40.728614807128899,2,11.5,0.5,0.5,0,0,0.29999999999999999,12.800000000000001,23:32:40,2015-01-01,23:45:14,2015-01-01
2,1,-73.871139526367202,40.773910522460902,1,N,-73.991485595703097,40.760120391845703,2,26,0.5,0.5,0,0,0.29999999999999999,27.300000000000001,23:32:40,2015-01-01,23:56:33,2015-01-01
2,6,-74.012939453125,40.702068328857401,1,N,-73.816787719726605,40.7097358703613,1,44,0.5,0.5,5,5.3300000000000001,0.29999999999999999,55.630000000000003,23:32:41,2015-01-01,00:01:45,2015-01-02
2,1,-73.976127624511705,40.7880859375,1,N,-73.948295593261705,40.774658203125,1,8,0.5,0.5,1.7,0,0.29999999999999999,11,23:32:41,2015-01-01,23:39:32,2015-01-01
1,1,-73.974449157714801,40.790737152099602,1,N,-73.962539672851605,40.762901306152301,1,11,0.5,0.5,1,0,0,13.300000000000001,23:32:42,2015-01-01,23:42:50,2015-01-01
1,1,-73.999114990234403,40.726692199707003,1,N,-73.978378295898395,40.787994384765597,1,20,0.5,0.5,5.2999999999999998,0,0,26.600000000000001,23:32:42,2015-01-01,23:53:28,2015-01-01
